{"cameraMode":{"drawMode":0,"name":"Shaded","section":"Shading Mode"},"sceneLighting":true,"audioPlay":false,"sceneViewState":{"m_AlwaysRefresh":false,"showFog":true,"showSkybox":true,"showFlares":true,"showImageEffects":true,"showParticleSystems":true,"showVisualEffectGraphs":true,"m_FxEnabled":true},"in2DMode":false,"pivot":{"x":-0.8979213237762451,"y":1.997629165649414,"z":-10.428958892822266},"rotation":{"x":-0.23945340514183045,"y":0.00786160584539175,"z":-0.0019390536472201348,"w":-0.9708771705627441},"size":2.1635000705718996,"orthographic":false}